Model,MAE,RMSE,R2
Baseline KNN (K=5),1.5201158749267976,2.6102021339920025,0.1925640743359145
Best tuned KNN,1.3352951240376392,2.1953406661272314,0.4288323094777283
