Model,MAE,R2
Linear Regression,27.679629481454946,0.7263511485402477
SVM,39.95470777259332,0.4425960375170024
Decision Tree,43.15008427095885,0.37507258789039855
